Gender,Food
Male,국밥
Male,마라탕
Male,마라탕
Male,피자
Male,국밥
Male,국밥
Male,국밥
Male,마라탕
Male,피자
Male,마라탕
Male,국밥
Male,마라탕
Male,마라탕
Male,국밥
Male,국밥
Male,국밥
Male,국밥
Male,피자
Male,국밥
Male,국밥
Male,피자
Male,국밥
Male,국밥
Male,국밥
Male,피자
Male,마라탕
Male,국밥
Male,피자
Male,피자
Male,국밥
Male,피자
Male,국밥
Male,국밥
Male,마라탕
Male,마라탕
Male,마라탕
Male,국밥
Male,국밥
Male,피자
Male,국밥
Male,국밥
Male,피자
Male,국밥
Male,마라탕
Male,국밥
Male,피자
Male,국밥
Male,피자
Male,피자
Male,국밥
Male,마라탕
Male,마라탕
Male,마라탕
Male,마라탕
Male,피자
Male,마라탕
Male,국밥
Male,국밥
Male,국밥
Male,국밥
Male,국밥
Male,국밥
Male,마라탕
Male,국밥
Male,국밥
Male,피자
Male,국밥
Male,마라탕
Male,국밥
Male,마라탕
Male,마라탕
Male,국밥
Male,국밥
Male,마라탕
Male,마라탕
Male,마라탕
Male,마라탕
Male,국밥
Male,국밥
Male,국밥
Male,마라탕
Male,피자
Male,국밥
Male,국밥
Male,국밥
Male,국밥
Male,마라탕
Male,피자
Male,마라탕
Male,피자
Male,국밥
Male,마라탕
Male,마라탕
Male,피자
Male,마라탕
Male,피자
Male,피자
Male,국밥
Male,국밥
Male,국밥
Male,국밥
Male,피자
Male,국밥
Male,피자
Male,마라탕
Male,국밥
Male,국밥
Male,마라탕
Male,국밥
Male,국밥
Male,국밥
Male,국밥
Male,마라탕
Male,마라탕
Male,피자
Male,마라탕
Male,마라탕
Male,국밥
Male,마라탕
Male,피자
Male,마라탕
Male,마라탕
Male,국밥
Male,국밥
Male,국밥
Male,국밥
Male,마라탕
Male,마라탕
Male,국밥
Male,피자
Male,국밥
Male,국밥
Male,국밥
Male,국밥
Male,마라탕
Male,국밥
Male,피자
Male,마라탕
Male,국밥
Male,마라탕
Male,마라탕
Male,국밥
Male,피자
Male,국밥
Male,국밥
Male,국밥
Male,피자
Male,피자
Male,국밥
Male,국밥
Male,마라탕
Male,국밥
Male,국밥
Male,피자
Male,마라탕
Male,국밥
Male,피자
Male,마라탕
Male,국밥
Male,마라탕
Male,국밥
Male,피자
Male,피자
Male,피자
Male,국밥
Male,마라탕
Male,국밥
Male,국밥
Male,국밥
Male,피자
Male,피자
Male,국밥
Male,피자
Male,국밥
Male,피자
Male,국밥
Male,피자
Male,국밥
Male,마라탕
Male,국밥
Male,국밥
Male,국밥
Male,마라탕
Male,마라탕
Male,국밥
Male,피자
Male,마라탕
Male,피자
Male,피자
Male,국밥
Male,국밥
Male,마라탕
Male,마라탕
Male,피자
Male,국밥
Male,국밥
Male,마라탕
Male,마라탕
Male,마라탕
Male,마라탕
Female,피자
Female,국밥
Female,국밥
Female,마라탕
Female,피자
Female,국밥
Female,국밥
Female,피자
Female,국밥
Female,국밥
Female,피자
Female,피자
Female,피자
Female,국밥
Female,피자
Female,국밥
Female,피자
Female,피자
Female,피자
Female,마라탕
Female,피자
Female,피자
Female,국밥
Female,피자
Female,국밥
Female,국밥
Female,마라탕
Female,피자
Female,마라탕
Female,피자
Female,마라탕
Female,피자
Female,피자
Female,피자
Female,국밥
Female,피자
Female,국밥
Female,국밥
Female,피자
Female,국밥
Female,마라탕
Female,마라탕
Female,마라탕
Female,피자
Female,국밥
Female,마라탕
Female,피자
Female,마라탕
Female,마라탕
Female,마라탕
Female,국밥
Female,피자
Female,마라탕
Female,피자
Female,국밥
Female,피자
Female,마라탕
Female,피자
Female,피자
Female,국밥
Female,피자
Female,마라탕
Female,국밥
Female,피자
Female,마라탕
Female,피자
Female,피자
Female,피자
Female,피자
Female,국밥
Female,마라탕
Female,마라탕
Female,마라탕
Female,마라탕
Female,피자
Female,피자
Female,마라탕
Female,피자
Female,피자
Female,마라탕
Female,마라탕
Female,피자
Female,피자
Female,국밥
Female,피자
Female,국밥
Female,피자
Female,피자
Female,국밥
Female,피자
Female,국밥
Female,국밥
Female,마라탕
Female,피자
Female,국밥
Female,피자
Female,마라탕
Female,국밥
Female,피자
Female,국밥
Female,국밥
Female,피자
Female,피자
Female,피자
Female,피자
Female,마라탕
Female,피자
Female,피자
Female,마라탕
Female,국밥
Female,피자
Female,국밥
Female,국밥
Female,마라탕
Female,마라탕
Female,피자
Female,피자
Female,국밥
Female,국밥
Female,국밥
Female,피자
Female,피자
Female,피자
Female,국밥
Female,마라탕
Female,피자
Female,피자
Female,피자
Female,피자
Female,국밥
Female,피자
Female,마라탕
Female,국밥
Female,국밥
Female,국밥
Female,국밥
Female,마라탕
Female,피자
Female,피자
Female,국밥
Female,피자
Female,피자
Female,국밥
Female,피자
Female,피자
Female,피자
Female,피자
Female,국밥
Female,피자
Female,피자
Female,피자
Female,마라탕
Female,피자
Female,국밥
Female,국밥
Female,피자
Female,국밥
Female,피자
Female,마라탕
Female,피자
Female,피자
Female,피자
Female,피자
Female,피자
Female,마라탕
Female,피자
Female,마라탕
Female,마라탕
Female,국밥
Female,국밥
Female,국밥
Female,국밥
Female,국밥
Female,피자
Female,국밥
Female,피자
Female,마라탕
Female,국밥
Female,마라탕
Female,국밥
Female,국밥
Female,피자
Female,피자
Female,마라탕
Female,피자
Female,마라탕
Female,국밥
Female,국밥
Female,마라탕
Female,마라탕
Female,마라탕
Female,피자
Female,피자
Female,마라탕
Female,피자
Female,마라탕
Female,마라탕
Female,피자
Female,마라탕
Female,마라탕
